annotation	startPos	endPos	genome
5LTR	21	654	chrA08MT929430.1
5LTR	21	654	chrA08MT929419.1
5LTR	23	656	chrA08MT929418.1
5LTR	20	653	chrA08MT929416.1
5LTR	21	654	chrA08MT929429.1
5LTR	21	654	chrA08MT929422.1
5LTR	21	654	chrA08MT929427.1
5LTR	23	656	chrA08MT929417.1
5LTR	21	654	chrA08MT929425.1
5LTR	21	654	chrA08MT929423.1
5LTR	0	164	chrA08MT929420.1
5LTR	0	148	chrA09_MT929435.1
5LTR	0	89	chrBEAT2045_5prime
Gag	16	1518	chrA01.PCDNA.NFLG.21.C10_CL1
Gag	16	1518	chrA01.PCDNA.NFLG.22.G10_CL2
Gag	810	2330	chrA08MT929430.1
Gag	810	2330	chrA08MT929419.1
Gag	812	2332	chrA08MT929418.1
Gag	809	2329	chrA08MT929416.1
Gag	810	2330	chrA08MT929429.1
Gag	810	2330	chrA08MT929422.1
Gag	810	2330	chrA08MT929427.1
Gag	812	2332	chrA08MT929417.1
Gag	810	2330	chrA08MT929425.1
Gag	810	2330	chrA08MT929423.1
Gag	320	1840	chrA08MT929420.1
Gag	305	1819	chrA09_MT929435.1
Gag	241	1755	chrBEAT2045_5prime
Pol	1311	4322	chrA01.PCDNA.NFLG.21.C10_CL1
Pol	1311	4322	chrA01.PCDNA.NFLG.22.G10_CL2
Pol	0	125	chrA08MT929403.1
Pol	0	125	chrA08MT929401.1
Pol	2105	5134	chrA08MT929430.1
Pol	2105	5134	chrA08MT929419.1
Pol	2107	5136	chrA08MT929418.1
Pol	0	125	chrA08MT929409.1
Pol	0	125	chrA08MT929402.1
Pol	0	125	chrA08MT929407.1
Pol	0	125	chrA08MT929412.1
Pol	0	125	chrA08MT929410.1
Pol	0	125	chrA08MT929415.1
Pol	0	125	chrA08MT929408.1
Pol	2104	5133	chrA08MT929416.1
Pol	0	125	chrA08MT929411.1
Pol	0	125	chrA08MT929404.1
Pol	0	2362	chrA08MT929433.1
Pol	2105	5134	chrA08MT929429.1
Pol	2105	5134	chrA08MT929422.1
Pol	0	125	chrA08MT929406.1
Pol	0	125	chrA08MT929431.1
Pol	2105	5134	chrA08MT929427.1
Pol	2107	5136	chrA08MT929417.1
Pol	0	125	chrA08MT929432.1
Pol	0	125	chrA08MT929426.1
Pol	2105	5134	chrA08MT929425.1
Pol	0	125	chrA08MT929414.1
Pol	0	134	chrA08MT929424.1
Pol	0	2362	chrA08MT929428.1
Pol	0	2361	chrA08MT929421.1
Pol	0	125	chrA08MT929413.1
Pol	2105	5134	chrA08MT929423.1
Pol	0	125	chrA08MT929405.1
Pol	1615	4644	chrA08MT929420.1
Pol	1603	4623	chrA09_MT929435.1
Pol	1	135	chrA09_MT929441.1
Pol	0	134	chrA09_MT929437.1
Pol	0	134	chrA09_MT929440.1
Pol	0	135	chrA09_MT929438.1
Pol	0	119	chrA09_MT929439.1
Pol	0	100	chrBEAT2045_3prime
Pol	1545	4492	chrBEAT2045_5prime
Gag_Pol	16	4322	chrA01.PCDNA.NFLG.21.C10_CL1
Gag_Pol	16	4322	chrA01.PCDNA.NFLG.22.G10_CL2
Gag_Pol	0	125	chrA08MT929403.1
Gag_Pol	0	125	chrA08MT929401.1
Gag_Pol	810	5134	chrA08MT929430.1
Gag_Pol	810	5134	chrA08MT929419.1
Gag_Pol	812	5136	chrA08MT929418.1
Gag_Pol	0	125	chrA08MT929409.1
Gag_Pol	0	125	chrA08MT929402.1
Gag_Pol	0	125	chrA08MT929407.1
Gag_Pol	0	125	chrA08MT929412.1
Gag_Pol	0	125	chrA08MT929410.1
Gag_Pol	0	125	chrA08MT929415.1
Gag_Pol	0	125	chrA08MT929408.1
Gag_Pol	809	5133	chrA08MT929416.1
Gag_Pol	0	125	chrA08MT929411.1
Gag_Pol	0	125	chrA08MT929404.1
Gag_Pol	0	2362	chrA08MT929433.1
Gag_Pol	810	5134	chrA08MT929429.1
Gag_Pol	810	5134	chrA08MT929422.1
Gag_Pol	0	125	chrA08MT929406.1
Gag_Pol	0	125	chrA08MT929431.1
Gag_Pol	810	5134	chrA08MT929427.1
Gag_Pol	812	5136	chrA08MT929417.1
Gag_Pol	0	125	chrA08MT929432.1
Gag_Pol	0	125	chrA08MT929426.1
Gag_Pol	810	5134	chrA08MT929425.1
Gag_Pol	0	125	chrA08MT929414.1
Gag_Pol	0	134	chrA08MT929424.1
Gag_Pol	0	2362	chrA08MT929428.1
Gag_Pol	0	2361	chrA08MT929421.1
Gag_Pol	0	125	chrA08MT929413.1
Gag_Pol	810	5134	chrA08MT929423.1
Gag_Pol	0	125	chrA08MT929405.1
Gag_Pol	320	4644	chrA08MT929420.1
Gag_Pol	305	4623	chrA09_MT929435.1
Gag_Pol	1	135	chrA09_MT929441.1
Gag_Pol	0	134	chrA09_MT929437.1
Gag_Pol	0	134	chrA09_MT929440.1
Gag_Pol	0	135	chrA09_MT929438.1
Gag_Pol	0	119	chrA09_MT929439.1
Gag_Pol	0	100	chrBEAT2045_3prime
Gag_Pol	241	4492	chrBEAT2045_5prime
Vif	4267	4845	chrA01.PCDNA.NFLG.21.C10_CL1
Vif	4267	4845	chrA01.PCDNA.NFLG.22.G10_CL2
Vif	70	648	chrA08MT929403.1
Vif	70	648	chrA08MT929401.1
Vif	5079	5657	chrA08MT929430.1
Vif	5079	5657	chrA08MT929419.1
Vif	5081	5659	chrA08MT929418.1
Vif	70	648	chrA08MT929409.1
Vif	70	648	chrA08MT929402.1
Vif	70	648	chrA08MT929407.1
Vif	70	648	chrA08MT929412.1
Vif	70	648	chrA08MT929410.1
Vif	70	648	chrA08MT929415.1
Vif	70	648	chrA08MT929408.1
Vif	5078	5656	chrA08MT929416.1
Vif	70	648	chrA08MT929411.1
Vif	70	648	chrA08MT929404.1
Vif	2307	2885	chrA08MT929433.1
Vif	5079	5657	chrA08MT929429.1
Vif	5079	5657	chrA08MT929422.1
Vif	70	648	chrA08MT929406.1
Vif	70	648	chrA08MT929431.1
Vif	5079	5657	chrA08MT929427.1
Vif	5081	5659	chrA08MT929417.1
Vif	70	648	chrA08MT929432.1
Vif	70	648	chrA08MT929426.1
Vif	5079	5657	chrA08MT929425.1
Vif	70	648	chrA08MT929414.1
Vif	79	657	chrA08MT929424.1
Vif	2307	2885	chrA08MT929428.1
Vif	2306	2884	chrA08MT929421.1
Vif	70	648	chrA08MT929413.1
Vif	5079	5657	chrA08MT929423.1
Vif	70	648	chrA08MT929405.1
Vif	4589	5167	chrA08MT929420.1
Vif	4568	5146	chrA09_MT929435.1
Vif	80	658	chrA09_MT929441.1
Vif	79	657	chrA09_MT929437.1
Vif	79	657	chrA09_MT929440.1
Vif	80	658	chrA09_MT929438.1
Vif	64	642	chrA09_MT929439.1
Vif	45	623	chrBEAT2045_3prime
Vpr	4785	5075	chrA01.PCDNA.NFLG.21.C10_CL1
Vpr	4785	5075	chrA01.PCDNA.NFLG.22.G10_CL2
Vpr	588	878	chrA08MT929403.1
Vpr	588	878	chrA08MT929401.1
Vpr	5597	5887	chrA08MT929430.1
Vpr	5597	5887	chrA08MT929419.1
Vpr	5599	5889	chrA08MT929418.1
Vpr	588	878	chrA08MT929409.1
Vpr	588	878	chrA08MT929402.1
Vpr	588	878	chrA08MT929407.1
Vpr	588	878	chrA08MT929412.1
Vpr	588	878	chrA08MT929410.1
Vpr	588	878	chrA08MT929415.1
Vpr	588	878	chrA08MT929408.1
Vpr	5596	5886	chrA08MT929416.1
Vpr	588	878	chrA08MT929411.1
Vpr	588	878	chrA08MT929404.1
Vpr	2825	3115	chrA08MT929433.1
Vpr	5597	5887	chrA08MT929429.1
Vpr	5597	5887	chrA08MT929422.1
Vpr	588	878	chrA08MT929406.1
Vpr	588	878	chrA08MT929431.1
Vpr	5597	5887	chrA08MT929427.1
Vpr	5599	5889	chrA08MT929417.1
Vpr	588	878	chrA08MT929432.1
Vpr	588	878	chrA08MT929426.1
Vpr	5597	5887	chrA08MT929425.1
Vpr	588	878	chrA08MT929414.1
Vpr	597	887	chrA08MT929424.1
Vpr	2825	3115	chrA08MT929428.1
Vpr	2824	3114	chrA08MT929421.1
Vpr	588	878	chrA08MT929413.1
Vpr	5597	5887	chrA08MT929423.1
Vpr	588	878	chrA08MT929405.1
Vpr	5107	5397	chrA08MT929420.1
Vpr	5086	5382	chrA09_MT929435.1
Vpr	598	894	chrA09_MT929441.1
Vpr	597	893	chrA09_MT929437.1
Vpr	597	893	chrA09_MT929440.1
Vpr	598	894	chrA09_MT929438.1
Vpr	582	878	chrA09_MT929439.1
Vpr	563	853	chrBEAT2045_3prime
Tat	5056	5270	chrA01.PCDNA.NFLG.21.C10_CL1
Tat	7628	7718	chrA01.PCDNA.NFLG.21.C10_CL1
Tat	5056	5270	chrA01.PCDNA.NFLG.22.G10_CL2
Tat	7649	7739	chrA01.PCDNA.NFLG.22.G10_CL2
Tat	2199	2289	chrA01.CD4T.C2.35F5
Tat	2178	2268	chrA01.CD4T.C1.15A10
Tat	2175	2265	chrA01.CD4T.C1.15A3
Tat	2175	2265	chrA01.CD4T.C1.15A4
Tat	2184	2274	chrA01.CD4T.C1.15B10
Tat	2175	2265	chrA01.CD4T.C1.15B3
Tat	2175	2265	chrA01.CD4T.C1.2A1
Tat	2193	2283	chrA01.CD4T.C1.15B4
Tat	2184	2274	chrA01.CD4T.C1.15C11
Tat	2184	2274	chrA01.CD4T.C2.26B8
Tat	2172	2262	chrA01.CD4T.C1.15C5
Tat	2172	2262	chrA01.CD4T.C1.16C5
Tat	2184	2274	chrA01.CD4T.C1.15C7
Tat	2178	2268	chrA01.CD4T.C1.15D1
Tat	2199	2289	chrA01.CD4T.C1.15D6
Tat	2178	2268	chrA01.CD4T.C1.15D7
Tat	2193	2283	chrA01.CD4T.C1.15D8
Tat	2172	2262	chrA01.CD4T.C1.15E10
Tat	2184	2274	chrA01.CD4T.C1.15G5
Tat	2178	2268	chrA01.CD4T.C1.15G6
Tat	2178	2268	chrA01.Q1.13M2DE6
Tat	2178	2268	chrA01.Q1.8M10H8
Tat	2178	2268	chrA01.Q1.8M1A7
Tat	2178	2268	chrA01.Q1.8M3B1
Tat	2178	2268	chrA01.Q1.8M4C2
Tat	2178	2268	chrA01.Q1.8M5D8
Tat	2178	2268	chrA01.Q1.8M6E3
Tat	2178	2268	chrA01.Q1.8M7F4
Tat	2178	2268	chrA01.Q1.8M9G2
Tat	2178	2268	chrA01.Q1.9M13B3
Tat	2178	2268	chrA01.Q1.9M15D2
Tat	2178	2268	chrA01.Q1.9M20E1
Tat	2178	2268	chrA01.Q2.33M22B1
Tat	2178	2268	chrA01.Q2.33M27F2
Tat	2178	2268	chrA01.Q2.35M25D7
Tat	2178	2268	chrA01.Q2.35M26E1
Tat	2178	2268	chrA01.Q2.47M11H2
Tat	2178	2268	chrA01.Q2.47M4A4
Tat	2178	2268	chrA01.Q2.47M5B3
Tat	2178	2268	chrA01.Q2.47M7D3
Tat	2178	2268	chrA01.Q2.47M8E6
Tat	2178	2268	chrA01.Q2.48M13B1
Tat	2178	2268	chrA01.Q2.48M14C2
Tat	2178	2268	chrA01.Q2.48M15D1
Tat	2178	2268	chrA01.Q2.48M15D2
Tat	2178	2268	chrA01.Q2.48M12A7
Tat	2178	2268	chrA01.Q2.48M18G5
Tat	2178	2268	chrA01.Q2.48M19H7
Tat	2178	2268	chrA01.Q2.491BA1
Tat	2178	2268	chrA01.Q2.491BA2
Tat	2178	2268	chrA01.Q2.492BB1
Tat	2178	2268	chrA01.Q2.492BB2
Tat	2178	2268	chrA01.Q2.49M29C1
Tat	2178	2268	chrA01.CD4T.C2.26F12
Tat	2178	2268	chrA01.Q1.13M27B6
Tat	2214	2304	chrA01.CD4T.C1.15G8
Tat	2190	2280	chrA01.CD4T.C1.15G9
Tat	2178	2268	chrA01.CD4T.C1.16A2
Tat	2190	2280	chrA01.CD4T.C1.16A4
Tat	2190	2280	chrA01.CD4T.C1.2B11
Tat	2190	2280	chrA01.CD4T.C1.2B12
Tat	2190	2280	chrA01.CD4T.C2.26D11
Tat	2187	2277	chrA01.CD4T.C1.16A7
Tat	2193	2283	chrA01.CD4T.C1.16B1
Tat	2190	2280	chrA01.CD4T.C1.16B2
Tat	2190	2280	chrA01.CD4T.C1.16C4
Tat	2199	2289	chrA01.CD4T.C1.16C8
Tat	2199	2289	chrA01.CD4T.C1.2D12
Tat	2199	2289	chrA01.Q2.48M17F7
Tat	2199	2289	chrA01.CD4T.C2.26A4
Tat	2199	2289	chrA01.CD4T.C2.26B11
Tat	2199	2289	chrA01.CD4T.C2.26E6
Tat	2199	2289	chrA01.CD4T.C2.26D1
Tat	2199	2289	chrA01.CD4T.C2.26A1
Tat	2202	2292	chrA01.CD4T.C1.16D4
Tat	2172	2262	chrA01.CD4T.C1.16D8
Tat	2169	2259	chrA01.CD4T.C1.16D9
Tat	2199	2289	chrA01.CD4T.C1.16E1
Tat	2199	2289	chrA01.CD4T.C1.16G2
Tat	2190	2280	chrA01.CD4T.C1.16E10
Tat	2190	2280	chrA01.CD4T.C1.16G6
Tat	2193	2283	chrA01.CD4T.C1.16E5
Tat	2193	2283	chrA01.CD4T.C1.16G4
Tat	2190	2280	chrA01.CD4T.C1.16F10
Tat	2178	2268	chrA01.CD4T.C1.16F11
Tat	2202	2292	chrA01.CD4T.C1.16F9
Tat	2190	2280	chrA01.CD4T.C1.16G7
Tat	2178	2268	chrA01.CD4T.C1.16G12
Tat	2190	2280	chrA01.CD4T.C1.16G8
Tat	2175	2265	chrA01.CD4T.C1.16H1
Tat	2190	2280	chrA01.CD4T.C1.16H4
Tat	2190	2280	chrA01.CD4T.C2.26F3
Tat	2190	2280	chrA01.CD4T.C1.16H8
Tat	2175	2265	chrA01.CD4T.C1.2B10
Tat	2193	2283	chrA01.CD4T.C1.2B4
Tat	2172	2262	chrA01.CD4T.C1.2C10
Tat	2184	2274	chrA01.CD4T.C1.2C8
Tat	2184	2274	chrA01.CD4T.C1.2C9
Tat	2184	2274	chrA01.CD4T.C1.2D1
Tat	2193	2283	chrA01.CD4T.C1.2D2
Tat	2202	2292	chrA01.CD4T.C1.2D5
Tat	2193	2283	chrA01.CD4T.C1.2E11
Tat	2193	2283	chrA01.CD4T.C2.26H2
Tat	2175	2265	chrA01.CD4T.C1.2E12
Tat	2184	2274	chrA01.CD4T.C1.2F3
Tat	2199	2289	chrA01.CD4T.C1.2F8
Tat	2175	2265	chrA01.CD4T.C1.2G1
Tat	2196	2286	chrA01.CD4T.C1.2G11
Tat	2190	2280	chrA01.CD4T.C1.2G3
Tat	2178	2268	chrA01.CD4T.C1.2H12
Tat	2169	2259	chrA01.Q1.13M28C2
Tat	2178	2268	chrA01.Q2.47M10G3
Tat	2178	2268	chrA01.Q2.47M6C8
Tat	2178	2268	chrA01.Q2.47M7D4
Tat	2178	2268	chrA01.Q2.47M9F1
Tat	2178	2268	chrA01.Q2.48M16E2
Tat	2178	2268	chrA01.Q2.48M18G4
Tat	2178	2268	chrA01.Q2.49M30D4
Tat	2199	2289	chrA01.R1.111A10
Tat	2199	2289	chrA01.R1.111A4
Tat	2199	2289	chrA01.R1.111B5
Tat	2199	2289	chrA01.R1.111C9
Tat	2199	2289	chrA01.R1.111H4
Tat	2172	2262	chrA01.R1.111A11
Tat	2172	2262	chrA01.R1.111C1
Tat	2172	2262	chrA01.R1.111C10
Tat	2172	2262	chrA01.R1.111H3
Tat	2172	2262	chrA01.R1.166H1
Tat	2172	2262	chrA01.R2.159A10
Tat	2172	2262	chrA01.R2.159F1
Tat	2172	2262	chrA01.R2.159F7
Tat	2172	2262	chrA01.R2.159G5
Tat	2172	2262	chrA01.R2.159H8
Tat	2175	2265	chrA01.R1.111G2
Tat	2175	2265	chrA01.R1.166A5
Tat	2175	2265	chrA01.R2.159F11
Tat	2175	2265	chrA01.R2.159F8
Tat	2175	2265	chrA01.R2.159G7
Tat	2175	2265	chrA01.R1.111G4
Tat	2175	2265	chrA01.R1.111H10
Tat	2175	2265	chrA01.R1.166E4
Tat	2175	2265	chrA01.R2.159C4
Tat	2172	2262	chrA01.R2.159C9
Tat	2175	2265	chrA01.R2.159D9
Tat	2172	2262	chrA01.R2.159F3
Tat	2172	2262	chrA01.R2.159G9
Tat	2172	2262	chrA01.R2.159H11
Tat	2178	2268	chrA01.CD4T.C2.26E9
Tat	2163	2253	chrA01.CD4T.C2.26D9
Tat	2190	2280	chrA01.CD4T.C2.26E3
Tat	2166	2256	chrA01.CD4T.C2.26E11
Tat	2184	2274	chrA01.CD4T.C2.26E8
Tat	2187	2277	chrA01.CD4T.C2.26A5
Tat	2175	2265	chrA01.CD4T.C2.26D10
Tat	2169	2259	chrA01.CD4T.C2.26G2
Tat	2169	2259	chrA01.CD4T.C2.26G6
Tat	2175	2265	chrA01.CD4T.C2.26B3
Tat	2190	2280	chrA01.CD4T.C2.26B5
Tat	2199	2289	chrA01.CD4T.C2.26D7
Tat	2190	2280	chrA01.CD4T.C2.35E9
Tat	2190	2280	chrA01.CD4T.C2.35F11
Tat	859	1073	chrA08MT929403.1
Tat	3413	3503	chrA08MT929403.1
Tat	859	1073	chrA08MT929401.1
Tat	3413	3503	chrA08MT929401.1
Tat	5868	6082	chrA08MT929430.1
Tat	8422	8512	chrA08MT929430.1
Tat	5868	6082	chrA08MT929419.1
Tat	8422	8512	chrA08MT929419.1
Tat	5870	6084	chrA08MT929418.1
Tat	8424	8514	chrA08MT929418.1
Tat	859	1073	chrA08MT929409.1
Tat	3413	3503	chrA08MT929409.1
Tat	859	1073	chrA08MT929402.1
Tat	3414	3504	chrA08MT929402.1
Tat	859	1073	chrA08MT929407.1
Tat	3413	3503	chrA08MT929407.1
Tat	859	1073	chrA08MT929412.1
Tat	3413	3503	chrA08MT929412.1
Tat	859	1073	chrA08MT929410.1
Tat	3413	3503	chrA08MT929410.1
Tat	859	1073	chrA08MT929415.1
Tat	3416	3506	chrA08MT929415.1
Tat	859	1073	chrA08MT929408.1
Tat	3413	3503	chrA08MT929408.1
Tat	5867	6081	chrA08MT929416.1
Tat	8421	8511	chrA08MT929416.1
Tat	859	1073	chrA08MT929411.1
Tat	3413	3503	chrA08MT929411.1
Tat	859	1073	chrA08MT929404.1
Tat	3413	3503	chrA08MT929404.1
Tat	3096	3310	chrA08MT929433.1
Tat	5650	5740	chrA08MT929433.1
Tat	5868	6082	chrA08MT929429.1
Tat	8422	8512	chrA08MT929429.1
Tat	5868	6082	chrA08MT929422.1
Tat	8422	8512	chrA08MT929422.1
Tat	859	1073	chrA08MT929406.1
Tat	3413	3503	chrA08MT929406.1
Tat	859	1073	chrA08MT929431.1
Tat	3413	3503	chrA08MT929431.1
Tat	5868	6082	chrA08MT929427.1
Tat	8422	8512	chrA08MT929427.1
Tat	5870	6084	chrA08MT929417.1
Tat	8424	8514	chrA08MT929417.1
Tat	859	1073	chrA08MT929432.1
Tat	3413	3503	chrA08MT929432.1
Tat	859	1073	chrA08MT929426.1
Tat	3413	3503	chrA08MT929426.1
Tat	5868	6082	chrA08MT929425.1
Tat	8422	8512	chrA08MT929425.1
Tat	859	1073	chrA08MT929414.1
Tat	3413	3503	chrA08MT929414.1
Tat	868	1082	chrA08MT929424.1
Tat	3422	3512	chrA08MT929424.1
Tat	3096	3310	chrA08MT929428.1
Tat	5635	5725	chrA08MT929428.1
Tat	3095	3309	chrA08MT929421.1
Tat	5634	5724	chrA08MT929421.1
Tat	859	1073	chrA08MT929413.1
Tat	3398	3488	chrA08MT929413.1
Tat	5868	6082	chrA08MT929423.1
Tat	8407	8497	chrA08MT929423.1
Tat	859	1073	chrA08MT929405.1
Tat	3399	3489	chrA08MT929405.1
Tat	5378	5592	chrA08MT929420.1
Tat	7917	8007	chrA08MT929420.1
Tat	5363	5577	chrA09_MT929435.1
Tat	7953	8043	chrA09_MT929435.1
Tat	875	1089	chrA09_MT929441.1
Tat	3435	3525	chrA09_MT929441.1
Tat	874	1088	chrA09_MT929437.1
Tat	3449	3539	chrA09_MT929437.1
Tat	874	1088	chrA09_MT929440.1
Tat	3434	3524	chrA09_MT929440.1
Tat	875	1089	chrA09_MT929438.1
Tat	3417	3507	chrA09_MT929438.1
Tat	859	1073	chrA09_MT929439.1
Tat	3401	3491	chrA09_MT929439.1
Tat	2202	2292	chrA09_MH264313.1
Tat	2193	2283	chrA09_MH264318.1
Tat	2175	2265	chrA09_MH264312.1
Tat	2175	2265	chrA09_MH264315.1
Tat	2175	2265	chrA09_MH264316.1
Tat	2169	2259	chrA09_MH264310.1
Tat	834	1048	chrBEAT2045_3prime
Tat	3379	3469	chrBEAT2045_3prime
Rev	5195	5270	chrA01.PCDNA.NFLG.21.C10_CL1
Rev	7628	7911	chrA01.PCDNA.NFLG.21.C10_CL1
Rev	5195	5270	chrA01.PCDNA.NFLG.22.G10_CL2
Rev	7649	7932	chrA01.PCDNA.NFLG.22.G10_CL2
Rev	2199	2482	chrA01.CD4T.C2.35F5
Rev	2178	2461	chrA01.CD4T.C1.15A10
Rev	2175	2458	chrA01.CD4T.C1.15A3
Rev	2175	2458	chrA01.CD4T.C1.15A4
Rev	2184	2467	chrA01.CD4T.C1.15B10
Rev	2175	2458	chrA01.CD4T.C1.15B3
Rev	2175	2458	chrA01.CD4T.C1.2A1
Rev	2193	2476	chrA01.CD4T.C1.15B4
Rev	2184	2467	chrA01.CD4T.C1.15C11
Rev	2184	2467	chrA01.CD4T.C2.26B8
Rev	2172	2455	chrA01.CD4T.C1.15C5
Rev	2172	2455	chrA01.CD4T.C1.16C5
Rev	2184	2467	chrA01.CD4T.C1.15C7
Rev	2178	2461	chrA01.CD4T.C1.15D1
Rev	2199	2482	chrA01.CD4T.C1.15D6
Rev	2178	2461	chrA01.CD4T.C1.15D7
Rev	2193	2476	chrA01.CD4T.C1.15D8
Rev	2172	2455	chrA01.CD4T.C1.15E10
Rev	2184	2467	chrA01.CD4T.C1.15G5
Rev	2178	2461	chrA01.CD4T.C1.15G6
Rev	2178	2461	chrA01.Q1.13M2DE6
Rev	2178	2461	chrA01.Q1.8M10H8
Rev	2178	2461	chrA01.Q1.8M1A7
Rev	2178	2461	chrA01.Q1.8M3B1
Rev	2178	2461	chrA01.Q1.8M4C2
Rev	2178	2461	chrA01.Q1.8M5D8
Rev	2178	2461	chrA01.Q1.8M6E3
Rev	2178	2461	chrA01.Q1.8M7F4
Rev	2178	2461	chrA01.Q1.8M9G2
Rev	2178	2461	chrA01.Q1.9M13B3
Rev	2178	2461	chrA01.Q1.9M15D2
Rev	2178	2461	chrA01.Q1.9M20E1
Rev	2178	2461	chrA01.Q2.33M22B1
Rev	2178	2461	chrA01.Q2.33M27F2
Rev	2178	2461	chrA01.Q2.35M25D7
Rev	2178	2461	chrA01.Q2.35M26E1
Rev	2178	2461	chrA01.Q2.47M11H2
Rev	2178	2461	chrA01.Q2.47M4A4
Rev	2178	2461	chrA01.Q2.47M5B3
Rev	2178	2461	chrA01.Q2.47M7D3
Rev	2178	2461	chrA01.Q2.47M8E6
Rev	2178	2461	chrA01.Q2.48M13B1
Rev	2178	2461	chrA01.Q2.48M14C2
Rev	2178	2461	chrA01.Q2.48M15D1
Rev	2178	2461	chrA01.Q2.48M15D2
Rev	2178	2461	chrA01.Q2.48M12A7
Rev	2178	2461	chrA01.Q2.48M18G5
Rev	2178	2461	chrA01.Q2.48M19H7
Rev	2178	2461	chrA01.Q2.491BA1
Rev	2178	2461	chrA01.Q2.491BA2
Rev	2178	2461	chrA01.Q2.492BB1
Rev	2178	2461	chrA01.Q2.492BB2
Rev	2178	2461	chrA01.Q2.49M29C1
Rev	2178	2461	chrA01.CD4T.C2.26F12
Rev	2178	2461	chrA01.Q1.13M27B6
Rev	2214	2497	chrA01.CD4T.C1.15G8
Rev	2190	2473	chrA01.CD4T.C1.15G9
Rev	2178	2461	chrA01.CD4T.C1.16A2
Rev	2190	2473	chrA01.CD4T.C1.16A4
Rev	2190	2473	chrA01.CD4T.C1.2B11
Rev	2190	2473	chrA01.CD4T.C1.2B12
Rev	2190	2473	chrA01.CD4T.C2.26D11
Rev	2187	2470	chrA01.CD4T.C1.16A7
Rev	2193	2476	chrA01.CD4T.C1.16B1
Rev	2190	2473	chrA01.CD4T.C1.16B2
Rev	2190	2473	chrA01.CD4T.C1.16C4
Rev	2199	2482	chrA01.CD4T.C1.16C8
Rev	2199	2482	chrA01.CD4T.C1.2D12
Rev	2199	2482	chrA01.Q2.48M17F7
Rev	2199	2482	chrA01.CD4T.C2.26A4
Rev	2199	2482	chrA01.CD4T.C2.26B11
Rev	2199	2482	chrA01.CD4T.C2.26E6
Rev	2199	2482	chrA01.CD4T.C2.26D1
Rev	2199	2482	chrA01.CD4T.C2.26A1
Rev	2202	2485	chrA01.CD4T.C1.16D4
Rev	2172	2455	chrA01.CD4T.C1.16D8
Rev	2169	2452	chrA01.CD4T.C1.16D9
Rev	2199	2482	chrA01.CD4T.C1.16E1
Rev	2199	2482	chrA01.CD4T.C1.16G2
Rev	2190	2464	chrA01.CD4T.C1.16E10
Rev	2190	2464	chrA01.CD4T.C1.16G6
Rev	2193	2476	chrA01.CD4T.C1.16E5
Rev	2193	2476	chrA01.CD4T.C1.16G4
Rev	2190	2473	chrA01.CD4T.C1.16F10
Rev	2178	2461	chrA01.CD4T.C1.16F11
Rev	2202	2485	chrA01.CD4T.C1.16F9
Rev	2190	2473	chrA01.CD4T.C1.16G7
Rev	2178	2461	chrA01.CD4T.C1.16G12
Rev	2190	2473	chrA01.CD4T.C1.16G8
Rev	2175	2458	chrA01.CD4T.C1.16H1
Rev	2190	2464	chrA01.CD4T.C1.16H4
Rev	2190	2464	chrA01.CD4T.C2.26F3
Rev	2190	2473	chrA01.CD4T.C1.16H8
Rev	2175	2458	chrA01.CD4T.C1.2B10
Rev	2193	2476	chrA01.CD4T.C1.2B4
Rev	2172	2455	chrA01.CD4T.C1.2C10
Rev	2184	2467	chrA01.CD4T.C1.2C8
Rev	2184	2467	chrA01.CD4T.C1.2C9
Rev	2184	2467	chrA01.CD4T.C1.2D1
Rev	2193	2476	chrA01.CD4T.C1.2D2
Rev	2202	2485	chrA01.CD4T.C1.2D5
Rev	2193	2476	chrA01.CD4T.C1.2E11
Rev	2193	2476	chrA01.CD4T.C2.26H2
Rev	2175	2458	chrA01.CD4T.C1.2E12
Rev	2184	2467	chrA01.CD4T.C1.2F3
Rev	2199	2482	chrA01.CD4T.C1.2F8
Rev	2175	2458	chrA01.CD4T.C1.2G1
Rev	2196	2479	chrA01.CD4T.C1.2G11
Rev	2190	2464	chrA01.CD4T.C1.2G3
Rev	2178	2461	chrA01.CD4T.C1.2H12
Rev	2169	2452	chrA01.Q1.13M28C2
Rev	2178	2461	chrA01.Q2.47M10G3
Rev	2178	2461	chrA01.Q2.47M6C8
Rev	2178	2461	chrA01.Q2.47M7D4
Rev	2178	2461	chrA01.Q2.47M9F1
Rev	2178	2461	chrA01.Q2.48M16E2
Rev	2178	2461	chrA01.Q2.48M18G4
Rev	2178	2461	chrA01.Q2.49M30D4
Rev	2199	2482	chrA01.R1.111A10
Rev	2199	2482	chrA01.R1.111A4
Rev	2199	2482	chrA01.R1.111B5
Rev	2199	2482	chrA01.R1.111C9
Rev	2199	2482	chrA01.R1.111H4
Rev	2172	2455	chrA01.R1.111A11
Rev	2172	2455	chrA01.R1.111C1
Rev	2172	2455	chrA01.R1.111C10
Rev	2172	2455	chrA01.R1.111H3
Rev	2172	2455	chrA01.R1.166H1
Rev	2172	2455	chrA01.R2.159A10
Rev	2172	2455	chrA01.R2.159F1
Rev	2172	2455	chrA01.R2.159F7
Rev	2172	2455	chrA01.R2.159G5
Rev	2172	2455	chrA01.R2.159H8
Rev	2175	2458	chrA01.R1.111G2
Rev	2175	2458	chrA01.R1.166A5
Rev	2175	2458	chrA01.R2.159F11
Rev	2175	2458	chrA01.R2.159F8
Rev	2175	2458	chrA01.R2.159G7
Rev	2175	2458	chrA01.R1.111G4
Rev	2175	2458	chrA01.R1.111H10
Rev	2175	2458	chrA01.R1.166E4
Rev	2175	2458	chrA01.R2.159C4
Rev	2172	2455	chrA01.R2.159C9
Rev	2175	2458	chrA01.R2.159D9
Rev	2172	2455	chrA01.R2.159F3
Rev	2172	2455	chrA01.R2.159G9
Rev	2172	2455	chrA01.R2.159H11
Rev	2178	2461	chrA01.CD4T.C2.26E9
Rev	2163	2446	chrA01.CD4T.C2.26D9
Rev	2190	2473	chrA01.CD4T.C2.26E3
Rev	2166	2449	chrA01.CD4T.C2.26E11
Rev	2184	2467	chrA01.CD4T.C2.26E8
Rev	2187	2470	chrA01.CD4T.C2.26A5
Rev	2175	2458	chrA01.CD4T.C2.26D10
Rev	2169	2452	chrA01.CD4T.C2.26G2
Rev	2169	2452	chrA01.CD4T.C2.26G6
Rev	2175	2458	chrA01.CD4T.C2.26B3
Rev	2190	2473	chrA01.CD4T.C2.26B5
Rev	2199	2482	chrA01.CD4T.C2.26D7
Rev	2190	2473	chrA01.CD4T.C2.35E9
Rev	2190	2464	chrA01.CD4T.C2.35F11
Rev	998	1073	chrA08MT929403.1
Rev	3413	3687	chrA08MT929403.1
Rev	998	1073	chrA08MT929401.1
Rev	3413	3687	chrA08MT929401.1
Rev	6007	6082	chrA08MT929430.1
Rev	8422	8696	chrA08MT929430.1
Rev	6007	6082	chrA08MT929419.1
Rev	8422	8696	chrA08MT929419.1
Rev	6009	6084	chrA08MT929418.1
Rev	8424	8698	chrA08MT929418.1
Rev	998	1073	chrA08MT929409.1
Rev	3413	3687	chrA08MT929409.1
Rev	998	1073	chrA08MT929402.1
Rev	3414	3688	chrA08MT929402.1
Rev	998	1073	chrA08MT929407.1
Rev	3413	3687	chrA08MT929407.1
Rev	998	1073	chrA08MT929412.1
Rev	3413	3687	chrA08MT929412.1
Rev	998	1073	chrA08MT929410.1
Rev	3413	3687	chrA08MT929410.1
Rev	998	1073	chrA08MT929415.1
Rev	3416	3690	chrA08MT929415.1
Rev	998	1073	chrA08MT929408.1
Rev	3413	3687	chrA08MT929408.1
Rev	6006	6081	chrA08MT929416.1
Rev	8421	8695	chrA08MT929416.1
Rev	998	1073	chrA08MT929411.1
Rev	3413	3687	chrA08MT929411.1
Rev	998	1073	chrA08MT929404.1
Rev	3413	3687	chrA08MT929404.1
Rev	3235	3310	chrA08MT929433.1
Rev	5650	5924	chrA08MT929433.1
Rev	6007	6082	chrA08MT929429.1
Rev	8422	8696	chrA08MT929429.1
Rev	6007	6082	chrA08MT929422.1
Rev	8422	8696	chrA08MT929422.1
Rev	998	1073	chrA08MT929406.1
Rev	3413	3687	chrA08MT929406.1
Rev	998	1073	chrA08MT929431.1
Rev	3413	3687	chrA08MT929431.1
Rev	6007	6082	chrA08MT929427.1
Rev	8422	8696	chrA08MT929427.1
Rev	6009	6084	chrA08MT929417.1
Rev	8424	8698	chrA08MT929417.1
Rev	998	1073	chrA08MT929432.1
Rev	3413	3687	chrA08MT929432.1
Rev	998	1073	chrA08MT929426.1
Rev	3413	3687	chrA08MT929426.1
Rev	6007	6082	chrA08MT929425.1
Rev	8422	8696	chrA08MT929425.1
Rev	998	1073	chrA08MT929414.1
Rev	3413	3687	chrA08MT929414.1
Rev	1007	1082	chrA08MT929424.1
Rev	3422	3696	chrA08MT929424.1
Rev	3235	3310	chrA08MT929428.1
Rev	5635	5909	chrA08MT929428.1
Rev	3234	3309	chrA08MT929421.1
Rev	5634	5908	chrA08MT929421.1
Rev	998	1073	chrA08MT929413.1
Rev	3398	3672	chrA08MT929413.1
Rev	6007	6082	chrA08MT929423.1
Rev	8407	8681	chrA08MT929423.1
Rev	998	1073	chrA08MT929405.1
Rev	3399	3673	chrA08MT929405.1
Rev	5517	5592	chrA08MT929420.1
Rev	7917	8191	chrA08MT929420.1
Rev	5502	5577	chrA09_MT929435.1
Rev	7953	8227	chrA09_MT929435.1
Rev	1014	1089	chrA09_MT929441.1
Rev	3435	3709	chrA09_MT929441.1
Rev	1013	1088	chrA09_MT929437.1
Rev	3449	3723	chrA09_MT929437.1
Rev	1013	1088	chrA09_MT929440.1
Rev	3434	3708	chrA09_MT929440.1
Rev	1014	1089	chrA09_MT929438.1
Rev	3417	3691	chrA09_MT929438.1
Rev	998	1073	chrA09_MT929439.1
Rev	3401	3675	chrA09_MT929439.1
Rev	2202	2476	chrA09_MH264313.1
Rev	2193	2467	chrA09_MH264318.1
Rev	2175	2449	chrA09_MH264312.1
Rev	2175	2449	chrA09_MH264315.1
Rev	2175	2449	chrA09_MH264316.1
Rev	2169	2443	chrA09_MH264310.1
Rev	973	1048	chrBEAT2045_3prime
Rev	3379	3662	chrBEAT2045_3prime
Vpu	5287	5550	chrA01.PCDNA.NFLG.21.C10_CL1
Vpu	5287	5550	chrA01.PCDNA.NFLG.22.G10_CL2
Vpu	0	100	chrA01.CD4T.C2.35F5
Vpu	0	100	chrA01.CD4T.C1.15A10
Vpu	0	100	chrA01.CD4T.C1.15A3
Vpu	0	100	chrA01.CD4T.C1.15A4
Vpu	0	100	chrA01.CD4T.C1.15B10
Vpu	0	100	chrA01.CD4T.C1.15B3
Vpu	0	100	chrA01.CD4T.C1.2A1
Vpu	0	100	chrA01.CD4T.C1.15B4
Vpu	0	100	chrA01.CD4T.C1.15C11
Vpu	0	100	chrA01.CD4T.C2.26B8
Vpu	0	100	chrA01.CD4T.C1.15C5
Vpu	0	100	chrA01.CD4T.C1.16C5
Vpu	0	100	chrA01.CD4T.C1.15C7
Vpu	0	100	chrA01.CD4T.C1.15D1
Vpu	0	100	chrA01.CD4T.C1.15D6
Vpu	0	100	chrA01.CD4T.C1.15D7
Vpu	0	100	chrA01.CD4T.C1.15D8
Vpu	0	100	chrA01.CD4T.C1.15E10
Vpu	0	100	chrA01.CD4T.C1.15G5
Vpu	0	100	chrA01.CD4T.C1.15G6
Vpu	0	100	chrA01.Q1.13M2DE6
Vpu	0	100	chrA01.Q1.8M10H8
Vpu	0	100	chrA01.Q1.8M1A7
Vpu	0	100	chrA01.Q1.8M3B1
Vpu	0	100	chrA01.Q1.8M4C2
Vpu	0	100	chrA01.Q1.8M5D8
Vpu	0	100	chrA01.Q1.8M6E3
Vpu	0	100	chrA01.Q1.8M7F4
Vpu	0	100	chrA01.Q1.8M9G2
Vpu	0	100	chrA01.Q1.9M13B3
Vpu	0	100	chrA01.Q1.9M15D2
Vpu	0	100	chrA01.Q1.9M20E1
Vpu	0	100	chrA01.Q2.33M22B1
Vpu	0	100	chrA01.Q2.33M27F2
Vpu	0	100	chrA01.Q2.35M25D7
Vpu	0	100	chrA01.Q2.35M26E1
Vpu	0	100	chrA01.Q2.47M11H2
Vpu	0	100	chrA01.Q2.47M4A4
Vpu	0	100	chrA01.Q2.47M5B3
Vpu	0	100	chrA01.Q2.47M7D3
Vpu	0	100	chrA01.Q2.47M8E6
Vpu	0	100	chrA01.Q2.48M13B1
Vpu	0	100	chrA01.Q2.48M14C2
Vpu	0	100	chrA01.Q2.48M15D1
Vpu	0	100	chrA01.Q2.48M15D2
Vpu	0	100	chrA01.Q2.48M12A7
Vpu	0	100	chrA01.Q2.48M18G5
Vpu	0	100	chrA01.Q2.48M19H7
Vpu	0	100	chrA01.Q2.491BA1
Vpu	0	100	chrA01.Q2.491BA2
Vpu	0	100	chrA01.Q2.492BB1
Vpu	0	100	chrA01.Q2.492BB2
Vpu	0	100	chrA01.Q2.49M29C1
Vpu	0	100	chrA01.CD4T.C2.26F12
Vpu	0	100	chrA01.Q1.13M27B6
Vpu	0	100	chrA01.CD4T.C1.15G8
Vpu	0	100	chrA01.CD4T.C1.15G9
Vpu	0	100	chrA01.CD4T.C1.16A2
Vpu	0	100	chrA01.CD4T.C1.16A4
Vpu	0	100	chrA01.CD4T.C1.2B11
Vpu	0	100	chrA01.CD4T.C1.2B12
Vpu	0	100	chrA01.CD4T.C2.26D11
Vpu	0	100	chrA01.CD4T.C1.16A7
Vpu	0	100	chrA01.CD4T.C1.16B1
Vpu	0	100	chrA01.CD4T.C1.16B2
Vpu	0	100	chrA01.CD4T.C1.16C4
Vpu	0	100	chrA01.CD4T.C1.16C8
Vpu	0	100	chrA01.CD4T.C1.2D12
Vpu	0	100	chrA01.Q2.48M17F7
Vpu	0	100	chrA01.CD4T.C2.26A4
Vpu	0	100	chrA01.CD4T.C2.26B11
Vpu	0	100	chrA01.CD4T.C2.26E6
Vpu	0	100	chrA01.CD4T.C2.26D1
Vpu	0	100	chrA01.CD4T.C2.26A1
Vpu	0	100	chrA01.CD4T.C1.16D4
Vpu	0	100	chrA01.CD4T.C1.16D8
Vpu	0	100	chrA01.CD4T.C1.16D9
Vpu	0	100	chrA01.CD4T.C1.16E1
Vpu	0	100	chrA01.CD4T.C1.16G2
Vpu	0	100	chrA01.CD4T.C1.16E10
Vpu	0	100	chrA01.CD4T.C1.16G6
Vpu	0	100	chrA01.CD4T.C1.16E5
Vpu	0	100	chrA01.CD4T.C1.16G4
Vpu	0	100	chrA01.CD4T.C1.16F10
Vpu	0	100	chrA01.CD4T.C1.16F11
Vpu	0	100	chrA01.CD4T.C1.16F9
Vpu	0	100	chrA01.CD4T.C1.16G7
Vpu	0	100	chrA01.CD4T.C1.16G12
Vpu	0	100	chrA01.CD4T.C1.16G8
Vpu	0	100	chrA01.CD4T.C1.16H1
Vpu	0	100	chrA01.CD4T.C1.16H4
Vpu	0	100	chrA01.CD4T.C2.26F3
Vpu	0	100	chrA01.CD4T.C1.16H8
Vpu	0	100	chrA01.CD4T.C1.2B10
Vpu	0	100	chrA01.CD4T.C1.2B4
Vpu	0	100	chrA01.CD4T.C1.2C10
Vpu	0	100	chrA01.CD4T.C1.2C8
Vpu	0	100	chrA01.CD4T.C1.2C9
Vpu	0	100	chrA01.CD4T.C1.2D1
Vpu	0	100	chrA01.CD4T.C1.2D2
Vpu	0	100	chrA01.CD4T.C1.2D5
Vpu	0	100	chrA01.CD4T.C1.2E11
Vpu	0	100	chrA01.CD4T.C2.26H2
Vpu	0	100	chrA01.CD4T.C1.2E12
Vpu	0	100	chrA01.CD4T.C1.2F3
Vpu	0	100	chrA01.CD4T.C1.2F8
Vpu	0	100	chrA01.CD4T.C1.2G1
Vpu	0	100	chrA01.CD4T.C1.2G11
Vpu	0	100	chrA01.CD4T.C1.2G3
Vpu	0	100	chrA01.CD4T.C1.2H12
Vpu	0	100	chrA01.Q1.13M28C2
Vpu	0	100	chrA01.Q2.47M10G3
Vpu	0	100	chrA01.Q2.47M6C8
Vpu	0	100	chrA01.Q2.47M7D4
Vpu	0	100	chrA01.Q2.47M9F1
Vpu	0	100	chrA01.Q2.48M16E2
Vpu	0	100	chrA01.Q2.48M18G4
Vpu	0	100	chrA01.Q2.49M30D4
Vpu	0	100	chrA01.R1.111A10
Vpu	0	100	chrA01.R1.111A4
Vpu	0	100	chrA01.R1.111B5
Vpu	0	100	chrA01.R1.111C9
Vpu	0	100	chrA01.R1.111H4
Vpu	0	100	chrA01.R1.111A11
Vpu	0	100	chrA01.R1.111C1
Vpu	0	100	chrA01.R1.111C10
Vpu	0	100	chrA01.R1.111H3
Vpu	0	100	chrA01.R1.166H1
Vpu	0	100	chrA01.R2.159A10
Vpu	0	100	chrA01.R2.159F1
Vpu	0	100	chrA01.R2.159F7
Vpu	0	100	chrA01.R2.159G5
Vpu	0	100	chrA01.R2.159H8
Vpu	0	100	chrA01.R1.111G2
Vpu	0	100	chrA01.R1.166A5
Vpu	0	100	chrA01.R2.159F11
Vpu	0	100	chrA01.R2.159F8
Vpu	0	100	chrA01.R2.159G7
Vpu	0	100	chrA01.R1.111G4
Vpu	0	100	chrA01.R1.111H10
Vpu	0	100	chrA01.R1.166E4
Vpu	0	100	chrA01.R2.159C4
Vpu	0	100	chrA01.R2.159C9
Vpu	0	100	chrA01.R2.159D9
Vpu	0	100	chrA01.R2.159F3
Vpu	0	100	chrA01.R2.159G9
Vpu	0	100	chrA01.R2.159H11
Vpu	0	100	chrA01.CD4T.C2.26E9
Vpu	0	100	chrA01.CD4T.C2.26D9
Vpu	0	100	chrA01.CD4T.C2.26E3
Vpu	0	82	chrA01.CD4T.C2.26E11
Vpu	0	100	chrA01.CD4T.C2.26E8
Vpu	0	100	chrA01.CD4T.C2.26A5
Vpu	0	100	chrA01.CD4T.C2.26D10
Vpu	0	100	chrA01.CD4T.C2.26G2
Vpu	0	100	chrA01.CD4T.C2.26G6
Vpu	0	100	chrA01.CD4T.C2.26B3
Vpu	0	100	chrA01.CD4T.C2.26B5
Vpu	0	100	chrA01.CD4T.C2.26D7
Vpu	0	100	chrA01.CD4T.C2.35E9
Vpu	0	100	chrA01.CD4T.C2.35F11
Vpu	1090	1335	chrA08MT929403.1
Vpu	1090	1335	chrA08MT929401.1
Vpu	6099	6344	chrA08MT929430.1
Vpu	6099	6344	chrA08MT929419.1
Vpu	6101	6346	chrA08MT929418.1
Vpu	1090	1335	chrA08MT929409.1
Vpu	1090	1336	chrA08MT929402.1
Vpu	1090	1335	chrA08MT929407.1
Vpu	1090	1335	chrA08MT929412.1
Vpu	1090	1335	chrA08MT929410.1
Vpu	1090	1335	chrA08MT929415.1
Vpu	1090	1335	chrA08MT929408.1
Vpu	6098	6343	chrA08MT929416.1
Vpu	1090	1335	chrA08MT929411.1
Vpu	1090	1335	chrA08MT929404.1
Vpu	3327	3572	chrA08MT929433.1
Vpu	6099	6344	chrA08MT929429.1
Vpu	6099	6344	chrA08MT929422.1
Vpu	1090	1335	chrA08MT929406.1
Vpu	1090	1335	chrA08MT929431.1
Vpu	6099	6344	chrA08MT929427.1
Vpu	6101	6346	chrA08MT929417.1
Vpu	1090	1335	chrA08MT929432.1
Vpu	1090	1335	chrA08MT929426.1
Vpu	6099	6344	chrA08MT929425.1
Vpu	1090	1335	chrA08MT929414.1
Vpu	1099	1344	chrA08MT929424.1
Vpu	3327	3572	chrA08MT929428.1
Vpu	3326	3571	chrA08MT929421.1
Vpu	1090	1335	chrA08MT929413.1
Vpu	6099	6344	chrA08MT929423.1
Vpu	1090	1336	chrA08MT929405.1
Vpu	5609	5854	chrA08MT929420.1
Vpu	5594	5839	chrA09_MT929435.1
Vpu	1106	1351	chrA09_MT929441.1
Vpu	1105	1350	chrA09_MT929437.1
Vpu	1105	1350	chrA09_MT929440.1
Vpu	1106	1351	chrA09_MT929438.1
Vpu	1090	1335	chrA09_MT929439.1
Vpu	0	82	chrA09_MH264313.1
Vpu	0	82	chrA09_MH264318.1
Vpu	0	82	chrA09_MH264312.1
Vpu	0	82	chrA09_MH264315.1
Vpu	0	82	chrA09_MH264316.1
Vpu	0	82	chrA09_MH264310.1
Vpu	1065	1310	chrBEAT2045_3prime
Env	5450	8044	chrA01.PCDNA.NFLG.21.C10_CL1
Env	5450	8065	chrA01.PCDNA.NFLG.22.G10_CL2
Env	0	2615	chrA01.CD4T.C2.35F5
Env	0	2594	chrA01.CD4T.C1.15A10
Env	0	2591	chrA01.CD4T.C1.15A3
Env	0	2591	chrA01.CD4T.C1.15A4
Env	0	2600	chrA01.CD4T.C1.15B10
Env	0	2591	chrA01.CD4T.C1.15B3
Env	0	2591	chrA01.CD4T.C1.2A1
Env	0	2609	chrA01.CD4T.C1.15B4
Env	0	2600	chrA01.CD4T.C1.15C11
Env	0	2600	chrA01.CD4T.C2.26B8
Env	0	2588	chrA01.CD4T.C1.15C5
Env	0	2588	chrA01.CD4T.C1.16C5
Env	0	2600	chrA01.CD4T.C1.15C7
Env	0	2594	chrA01.CD4T.C1.15D1
Env	0	2615	chrA01.CD4T.C1.15D6
Env	0	2594	chrA01.CD4T.C1.15D7
Env	0	2609	chrA01.CD4T.C1.15D8
Env	0	2588	chrA01.CD4T.C1.15E10
Env	0	2600	chrA01.CD4T.C1.15G5
Env	0	2594	chrA01.CD4T.C1.15G6
Env	0	2594	chrA01.Q1.13M2DE6
Env	0	2594	chrA01.Q1.8M10H8
Env	0	2594	chrA01.Q1.8M1A7
Env	0	2594	chrA01.Q1.8M3B1
Env	0	2594	chrA01.Q1.8M4C2
Env	0	2594	chrA01.Q1.8M5D8
Env	0	2594	chrA01.Q1.8M6E3
Env	0	2594	chrA01.Q1.8M7F4
Env	0	2594	chrA01.Q1.8M9G2
Env	0	2594	chrA01.Q1.9M13B3
Env	0	2594	chrA01.Q1.9M15D2
Env	0	2594	chrA01.Q1.9M20E1
Env	0	2594	chrA01.Q2.33M22B1
Env	0	2594	chrA01.Q2.33M27F2
Env	0	2594	chrA01.Q2.35M25D7
Env	0	2594	chrA01.Q2.35M26E1
Env	0	2594	chrA01.Q2.47M11H2
Env	0	2594	chrA01.Q2.47M4A4
Env	0	2594	chrA01.Q2.47M5B3
Env	0	2594	chrA01.Q2.47M7D3
Env	0	2594	chrA01.Q2.47M8E6
Env	0	2594	chrA01.Q2.48M13B1
Env	0	2594	chrA01.Q2.48M14C2
Env	0	2594	chrA01.Q2.48M15D1
Env	0	2594	chrA01.Q2.48M15D2
Env	0	2594	chrA01.Q2.48M12A7
Env	0	2594	chrA01.Q2.48M18G5
Env	0	2594	chrA01.Q2.48M19H7
Env	0	2594	chrA01.Q2.491BA1
Env	0	2594	chrA01.Q2.491BA2
Env	0	2594	chrA01.Q2.492BB1
Env	0	2594	chrA01.Q2.492BB2
Env	0	2594	chrA01.Q2.49M29C1
Env	0	2594	chrA01.CD4T.C2.26F12
Env	0	2594	chrA01.Q1.13M27B6
Env	0	2630	chrA01.CD4T.C1.15G8
Env	0	2606	chrA01.CD4T.C1.15G9
Env	0	2594	chrA01.CD4T.C1.16A2
Env	0	2606	chrA01.CD4T.C1.16A4
Env	0	2606	chrA01.CD4T.C1.2B11
Env	0	2606	chrA01.CD4T.C1.2B12
Env	0	2606	chrA01.CD4T.C2.26D11
Env	0	2603	chrA01.CD4T.C1.16A7
Env	0	2609	chrA01.CD4T.C1.16B1
Env	0	2606	chrA01.CD4T.C1.16B2
Env	0	2606	chrA01.CD4T.C1.16C4
Env	0	2615	chrA01.CD4T.C1.16C8
Env	0	2615	chrA01.CD4T.C1.2D12
Env	0	2615	chrA01.Q2.48M17F7
Env	0	2615	chrA01.CD4T.C2.26A4
Env	0	2615	chrA01.CD4T.C2.26B11
Env	0	2615	chrA01.CD4T.C2.26E6
Env	0	2615	chrA01.CD4T.C2.26D1
Env	0	2615	chrA01.CD4T.C2.26A1
Env	0	2618	chrA01.CD4T.C1.16D4
Env	0	2588	chrA01.CD4T.C1.16D8
Env	0	2585	chrA01.CD4T.C1.16D9
Env	0	2615	chrA01.CD4T.C1.16E1
Env	0	2615	chrA01.CD4T.C1.16G2
Env	0	2606	chrA01.CD4T.C1.16E10
Env	0	2606	chrA01.CD4T.C1.16G6
Env	0	2609	chrA01.CD4T.C1.16E5
Env	0	2609	chrA01.CD4T.C1.16G4
Env	0	2606	chrA01.CD4T.C1.16F10
Env	0	2594	chrA01.CD4T.C1.16F11
Env	0	2618	chrA01.CD4T.C1.16F9
Env	0	2606	chrA01.CD4T.C1.16G7
Env	0	2594	chrA01.CD4T.C1.16G12
Env	0	2606	chrA01.CD4T.C1.16G8
Env	0	2591	chrA01.CD4T.C1.16H1
Env	0	2606	chrA01.CD4T.C1.16H4
Env	0	2606	chrA01.CD4T.C2.26F3
Env	0	2606	chrA01.CD4T.C1.16H8
Env	0	2591	chrA01.CD4T.C1.2B10
Env	0	2609	chrA01.CD4T.C1.2B4
Env	0	2588	chrA01.CD4T.C1.2C10
Env	0	2600	chrA01.CD4T.C1.2C8
Env	0	2600	chrA01.CD4T.C1.2C9
Env	0	2600	chrA01.CD4T.C1.2D1
Env	0	2609	chrA01.CD4T.C1.2D2
Env	0	2618	chrA01.CD4T.C1.2D5
Env	0	2609	chrA01.CD4T.C1.2E11
Env	0	2609	chrA01.CD4T.C2.26H2
Env	0	2591	chrA01.CD4T.C1.2E12
Env	0	2600	chrA01.CD4T.C1.2F3
Env	0	2615	chrA01.CD4T.C1.2F8
Env	0	2591	chrA01.CD4T.C1.2G1
Env	0	2612	chrA01.CD4T.C1.2G11
Env	0	2606	chrA01.CD4T.C1.2G3
Env	0	2594	chrA01.CD4T.C1.2H12
Env	0	2585	chrA01.Q1.13M28C2
Env	0	2594	chrA01.Q2.47M10G3
Env	0	2594	chrA01.Q2.47M6C8
Env	0	2594	chrA01.Q2.47M7D4
Env	0	2594	chrA01.Q2.47M9F1
Env	0	2594	chrA01.Q2.48M16E2
Env	0	2594	chrA01.Q2.48M18G4
Env	0	2594	chrA01.Q2.49M30D4
Env	0	2615	chrA01.R1.111A10
Env	0	2615	chrA01.R1.111A4
Env	0	2615	chrA01.R1.111B5
Env	0	2615	chrA01.R1.111C9
Env	0	2615	chrA01.R1.111H4
Env	0	2588	chrA01.R1.111A11
Env	0	2588	chrA01.R1.111C1
Env	0	2588	chrA01.R1.111C10
Env	0	2588	chrA01.R1.111H3
Env	0	2588	chrA01.R1.166H1
Env	0	2588	chrA01.R2.159A10
Env	0	2588	chrA01.R2.159F1
Env	0	2588	chrA01.R2.159F7
Env	0	2588	chrA01.R2.159G5
Env	0	2588	chrA01.R2.159H8
Env	0	2591	chrA01.R1.111G2
Env	0	2591	chrA01.R1.166A5
Env	0	2591	chrA01.R2.159F11
Env	0	2591	chrA01.R2.159F8
Env	0	2591	chrA01.R2.159G7
Env	0	2591	chrA01.R1.111G4
Env	0	2591	chrA01.R1.111H10
Env	0	2591	chrA01.R1.166E4
Env	0	2591	chrA01.R2.159C4
Env	0	2588	chrA01.R2.159C9
Env	0	2591	chrA01.R2.159D9
Env	0	2588	chrA01.R2.159F3
Env	0	2588	chrA01.R2.159G9
Env	0	2588	chrA01.R2.159H11
Env	0	2594	chrA01.CD4T.C2.26E9
Env	0	2579	chrA01.CD4T.C2.26D9
Env	0	2606	chrA01.CD4T.C2.26E3
Env	0	2582	chrA01.CD4T.C2.26E11
Env	0	2600	chrA01.CD4T.C2.26E8
Env	0	2603	chrA01.CD4T.C2.26A5
Env	0	2591	chrA01.CD4T.C2.26D10
Env	0	2585	chrA01.CD4T.C2.26G2
Env	0	2585	chrA01.CD4T.C2.26G6
Env	0	2591	chrA01.CD4T.C2.26B3
Env	0	2606	chrA01.CD4T.C2.26B5
Env	0	2615	chrA01.CD4T.C2.26D7
Env	0	2606	chrA01.CD4T.C2.35E9
Env	0	2606	chrA01.CD4T.C2.35F11
Env	1253	3829	chrA08MT929403.1
Env	1253	3829	chrA08MT929401.1
Env	6262	8838	chrA08MT929430.1
Env	6262	8838	chrA08MT929419.1
Env	6264	8840	chrA08MT929418.1
Env	1253	3829	chrA08MT929409.1
Env	1254	3830	chrA08MT929402.1
Env	1253	3829	chrA08MT929407.1
Env	1253	3829	chrA08MT929412.1
Env	1253	3829	chrA08MT929410.1
Env	1253	3832	chrA08MT929415.1
Env	1253	3829	chrA08MT929408.1
Env	6261	8837	chrA08MT929416.1
Env	1253	3829	chrA08MT929411.1
Env	1253	3829	chrA08MT929404.1
Env	3490	6066	chrA08MT929433.1
Env	6262	8838	chrA08MT929429.1
Env	6262	8838	chrA08MT929422.1
Env	1253	3829	chrA08MT929406.1
Env	1253	3829	chrA08MT929431.1
Env	6262	8838	chrA08MT929427.1
Env	6264	8840	chrA08MT929417.1
Env	1253	3829	chrA08MT929432.1
Env	1253	3829	chrA08MT929426.1
Env	6262	8838	chrA08MT929425.1
Env	1253	3829	chrA08MT929414.1
Env	1262	3838	chrA08MT929424.1
Env	3490	6051	chrA08MT929428.1
Env	3489	6050	chrA08MT929421.1
Env	1253	3814	chrA08MT929413.1
Env	6262	8823	chrA08MT929423.1
Env	1254	3815	chrA08MT929405.1
Env	5772	8333	chrA08MT929420.1
Env	5757	8369	chrA09_MT929435.1
Env	1269	3851	chrA09_MT929441.1
Env	1268	3865	chrA09_MT929437.1
Env	1268	3850	chrA09_MT929440.1
Env	1269	3833	chrA09_MT929438.1
Env	1253	3817	chrA09_MT929439.1
Env	0	2618	chrA09_MH264313.1
Env	0	2609	chrA09_MH264318.1
Env	0	2591	chrA09_MH264312.1
Env	0	2591	chrA09_MH264315.1
Env	0	2591	chrA09_MH264316.1
Env	0	2585	chrA09_MH264310.1
Env	1228	3795	chrBEAT2045_3prime
Nef	8062	8685	chrA01.PCDNA.NFLG.21.C10_CL1
Nef	8083	8706	chrA01.PCDNA.NFLG.22.G10_CL2
Nef	3831	4471	chrA08MT929403.1
Nef	3831	4471	chrA08MT929401.1
Nef	8840	9480	chrA08MT929430.1
Nef	8840	9480	chrA08MT929419.1
Nef	8842	9484	chrA08MT929418.1
Nef	3831	4451	chrA08MT929409.1
Nef	3832	4472	chrA08MT929402.1
Nef	3831	4473	chrA08MT929407.1
Nef	3831	4378	chrA08MT929412.1
Nef	3831	4473	chrA08MT929410.1
Nef	3834	4454	chrA08MT929415.1
Nef	3831	4473	chrA08MT929408.1
Nef	8839	9479	chrA08MT929416.1
Nef	3831	4473	chrA08MT929411.1
Nef	3831	4473	chrA08MT929404.1
Nef	6068	6708	chrA08MT929433.1
Nef	8840	9480	chrA08MT929429.1
Nef	8840	9460	chrA08MT929422.1
Nef	3831	4451	chrA08MT929406.1
Nef	3831	4451	chrA08MT929431.1
Nef	8840	9480	chrA08MT929427.1
Nef	8842	9482	chrA08MT929417.1
Nef	3831	4471	chrA08MT929432.1
Nef	3831	4471	chrA08MT929426.1
Nef	8840	9460	chrA08MT929425.1
Nef	3831	4451	chrA08MT929414.1
Nef	3840	4480	chrA08MT929424.1
Nef	6053	6673	chrA08MT929428.1
Nef	6052	6672	chrA08MT929421.1
Nef	3816	4436	chrA08MT929413.1
Nef	8825	9445	chrA08MT929423.1
Nef	3817	4437	chrA08MT929405.1
Nef	8335	8955	chrA08MT929420.1
Nef	8371	9048	chrA09_MT929435.1
Nef	3853	4518	chrA09_MT929441.1
Nef	3867	4511	chrA09_MT929437.1
Nef	3852	4517	chrA09_MT929440.1
Nef	3835	4500	chrA09_MT929438.1
Nef	3819	4484	chrA09_MT929439.1
Nef	3797	4423	chrBEAT2045_3prime
3LTR	8354	8916	chrA01.PCDNA.NFLG.21.C10_CL1
3LTR	8375	8937	chrA01.PCDNA.NFLG.22.G10_CL2
3LTR	4120	4684	chrA08MT929403.1
3LTR	4120	4684	chrA08MT929401.1
3LTR	9129	9783	chrA08MT929430.1
3LTR	9129	9783	chrA08MT929419.1
3LTR	9131	9787	chrA08MT929418.1
3LTR	4120	4684	chrA08MT929409.1
3LTR	4121	4685	chrA08MT929402.1
3LTR	4120	4686	chrA08MT929407.1
3LTR	4027	4591	chrA08MT929412.1
3LTR	4120	4686	chrA08MT929410.1
3LTR	4123	4688	chrA08MT929415.1
3LTR	4120	4686	chrA08MT929408.1
3LTR	9128	9746	chrA08MT929416.1
3LTR	4120	4686	chrA08MT929411.1
3LTR	4120	4686	chrA08MT929404.1
3LTR	6357	6921	chrA08MT929433.1
3LTR	9129	9693	chrA08MT929429.1
3LTR	9129	9783	chrA08MT929422.1
3LTR	4120	4684	chrA08MT929406.1
3LTR	4120	4685	chrA08MT929431.1
3LTR	9129	9774	chrA08MT929427.1
3LTR	9131	9777	chrA08MT929417.1
3LTR	4120	4685	chrA08MT929432.1
3LTR	4120	4685	chrA08MT929426.1
3LTR	9129	9783	chrA08MT929425.1
3LTR	4120	4684	chrA08MT929414.1
3LTR	4129	4694	chrA08MT929424.1
3LTR	6342	6996	chrA08MT929428.1
3LTR	6341	6989	chrA08MT929421.1
3LTR	4105	4669	chrA08MT929413.1
3LTR	9114	9768	chrA08MT929423.1
3LTR	4106	4670	chrA08MT929405.1
3LTR	8624	9241	chrA08MT929420.1
3LTR	8696	9260	chrA09_MT929435.1
3LTR	4166	4722	chrA09_MT929441.1
3LTR	4180	4721	chrA09_MT929437.1
3LTR	4165	4721	chrA09_MT929440.1
3LTR	4148	4704	chrA09_MT929438.1
3LTR	4132	4693	chrA09_MT929439.1
3LTR	4092	4610	chrBEAT2045_3prime
Genome	0	8916	chrA01.PCDNA.NFLG.21.C10_CL1
Genome	0	8937	chrA01.PCDNA.NFLG.22.G10_CL2
Genome	0	2615	chrA01.CD4T.C2.35F5
Genome	0	2594	chrA01.CD4T.C1.15A10
Genome	0	2591	chrA01.CD4T.C1.15A3
Genome	0	2591	chrA01.CD4T.C1.15A4
Genome	0	2600	chrA01.CD4T.C1.15B10
Genome	0	2591	chrA01.CD4T.C1.15B3
Genome	0	2591	chrA01.CD4T.C1.2A1
Genome	0	2609	chrA01.CD4T.C1.15B4
Genome	0	2600	chrA01.CD4T.C1.15C11
Genome	0	2600	chrA01.CD4T.C2.26B8
Genome	0	2588	chrA01.CD4T.C1.15C5
Genome	0	2588	chrA01.CD4T.C1.16C5
Genome	0	2600	chrA01.CD4T.C1.15C7
Genome	0	2594	chrA01.CD4T.C1.15D1
Genome	0	2615	chrA01.CD4T.C1.15D6
Genome	0	2594	chrA01.CD4T.C1.15D7
Genome	0	2609	chrA01.CD4T.C1.15D8
Genome	0	2588	chrA01.CD4T.C1.15E10
Genome	0	2600	chrA01.CD4T.C1.15G5
Genome	0	2594	chrA01.CD4T.C1.15G6
Genome	0	2594	chrA01.Q1.13M2DE6
Genome	0	2594	chrA01.Q1.8M10H8
Genome	0	2594	chrA01.Q1.8M1A7
Genome	0	2594	chrA01.Q1.8M3B1
Genome	0	2594	chrA01.Q1.8M4C2
Genome	0	2594	chrA01.Q1.8M5D8
Genome	0	2594	chrA01.Q1.8M6E3
Genome	0	2594	chrA01.Q1.8M7F4
Genome	0	2594	chrA01.Q1.8M9G2
Genome	0	2594	chrA01.Q1.9M13B3
Genome	0	2594	chrA01.Q1.9M15D2
Genome	0	2594	chrA01.Q1.9M20E1
Genome	0	2594	chrA01.Q2.33M22B1
Genome	0	2594	chrA01.Q2.33M27F2
Genome	0	2594	chrA01.Q2.35M25D7
Genome	0	2594	chrA01.Q2.35M26E1
Genome	0	2594	chrA01.Q2.47M11H2
Genome	0	2594	chrA01.Q2.47M4A4
Genome	0	2594	chrA01.Q2.47M5B3
Genome	0	2594	chrA01.Q2.47M7D3
Genome	0	2594	chrA01.Q2.47M8E6
Genome	0	2594	chrA01.Q2.48M13B1
Genome	0	2594	chrA01.Q2.48M14C2
Genome	0	2594	chrA01.Q2.48M15D1
Genome	0	2594	chrA01.Q2.48M15D2
Genome	0	2594	chrA01.Q2.48M12A7
Genome	0	2594	chrA01.Q2.48M18G5
Genome	0	2594	chrA01.Q2.48M19H7
Genome	0	2594	chrA01.Q2.491BA1
Genome	0	2594	chrA01.Q2.491BA2
Genome	0	2594	chrA01.Q2.492BB1
Genome	0	2594	chrA01.Q2.492BB2
Genome	0	2594	chrA01.Q2.49M29C1
Genome	0	2594	chrA01.CD4T.C2.26F12
Genome	0	2594	chrA01.Q1.13M27B6
Genome	0	2630	chrA01.CD4T.C1.15G8
Genome	0	2606	chrA01.CD4T.C1.15G9
Genome	0	2594	chrA01.CD4T.C1.16A2
Genome	0	2606	chrA01.CD4T.C1.16A4
Genome	0	2606	chrA01.CD4T.C1.2B11
Genome	0	2606	chrA01.CD4T.C1.2B12
Genome	0	2606	chrA01.CD4T.C2.26D11
Genome	0	2603	chrA01.CD4T.C1.16A7
Genome	0	2609	chrA01.CD4T.C1.16B1
Genome	0	2606	chrA01.CD4T.C1.16B2
Genome	0	2606	chrA01.CD4T.C1.16C4
Genome	0	2615	chrA01.CD4T.C1.16C8
Genome	0	2615	chrA01.CD4T.C1.2D12
Genome	0	2615	chrA01.Q2.48M17F7
Genome	0	2615	chrA01.CD4T.C2.26A4
Genome	0	2615	chrA01.CD4T.C2.26B11
Genome	0	2615	chrA01.CD4T.C2.26E6
Genome	0	2615	chrA01.CD4T.C2.26D1
Genome	0	2615	chrA01.CD4T.C2.26A1
Genome	0	2618	chrA01.CD4T.C1.16D4
Genome	0	2588	chrA01.CD4T.C1.16D8
Genome	0	2585	chrA01.CD4T.C1.16D9
Genome	0	2615	chrA01.CD4T.C1.16E1
Genome	0	2615	chrA01.CD4T.C1.16G2
Genome	0	2606	chrA01.CD4T.C1.16E10
Genome	0	2606	chrA01.CD4T.C1.16G6
Genome	0	2609	chrA01.CD4T.C1.16E5
Genome	0	2609	chrA01.CD4T.C1.16G4
Genome	0	2606	chrA01.CD4T.C1.16F10
Genome	0	2594	chrA01.CD4T.C1.16F11
Genome	0	2618	chrA01.CD4T.C1.16F9
Genome	0	2606	chrA01.CD4T.C1.16G7
Genome	0	2594	chrA01.CD4T.C1.16G12
Genome	0	2606	chrA01.CD4T.C1.16G8
Genome	0	2591	chrA01.CD4T.C1.16H1
Genome	0	2606	chrA01.CD4T.C1.16H4
Genome	0	2606	chrA01.CD4T.C2.26F3
Genome	0	2606	chrA01.CD4T.C1.16H8
Genome	0	2591	chrA01.CD4T.C1.2B10
Genome	0	2609	chrA01.CD4T.C1.2B4
Genome	0	2588	chrA01.CD4T.C1.2C10
Genome	0	2600	chrA01.CD4T.C1.2C8
Genome	0	2600	chrA01.CD4T.C1.2C9
Genome	0	2600	chrA01.CD4T.C1.2D1
Genome	0	2609	chrA01.CD4T.C1.2D2
Genome	0	2618	chrA01.CD4T.C1.2D5
Genome	0	2609	chrA01.CD4T.C1.2E11
Genome	0	2609	chrA01.CD4T.C2.26H2
Genome	0	2591	chrA01.CD4T.C1.2E12
Genome	0	2600	chrA01.CD4T.C1.2F3
Genome	0	2615	chrA01.CD4T.C1.2F8
Genome	0	2591	chrA01.CD4T.C1.2G1
Genome	0	2612	chrA01.CD4T.C1.2G11
Genome	0	2606	chrA01.CD4T.C1.2G3
Genome	0	2594	chrA01.CD4T.C1.2H12
Genome	0	2585	chrA01.Q1.13M28C2
Genome	0	2594	chrA01.Q2.47M10G3
Genome	0	2594	chrA01.Q2.47M6C8
Genome	0	2594	chrA01.Q2.47M7D4
Genome	0	2594	chrA01.Q2.47M9F1
Genome	0	2594	chrA01.Q2.48M16E2
Genome	0	2594	chrA01.Q2.48M18G4
Genome	0	2594	chrA01.Q2.49M30D4
Genome	0	2615	chrA01.R1.111A10
Genome	0	2615	chrA01.R1.111A4
Genome	0	2615	chrA01.R1.111B5
Genome	0	2615	chrA01.R1.111C9
Genome	0	2615	chrA01.R1.111H4
Genome	0	2588	chrA01.R1.111A11
Genome	0	2588	chrA01.R1.111C1
Genome	0	2588	chrA01.R1.111C10
Genome	0	2588	chrA01.R1.111H3
Genome	0	2588	chrA01.R1.166H1
Genome	0	2588	chrA01.R2.159A10
Genome	0	2588	chrA01.R2.159F1
Genome	0	2588	chrA01.R2.159F7
Genome	0	2588	chrA01.R2.159G5
Genome	0	2588	chrA01.R2.159H8
Genome	0	2591	chrA01.R1.111G2
Genome	0	2591	chrA01.R1.166A5
Genome	0	2591	chrA01.R2.159F11
Genome	0	2591	chrA01.R2.159F8
Genome	0	2591	chrA01.R2.159G7
Genome	0	2591	chrA01.R1.111G4
Genome	0	2591	chrA01.R1.111H10
Genome	0	2591	chrA01.R1.166E4
Genome	0	2591	chrA01.R2.159C4
Genome	0	2588	chrA01.R2.159C9
Genome	0	2591	chrA01.R2.159D9
Genome	0	2588	chrA01.R2.159F3
Genome	0	2588	chrA01.R2.159G9
Genome	0	2588	chrA01.R2.159H11
Genome	0	2594	chrA01.CD4T.C2.26E9
Genome	0	2579	chrA01.CD4T.C2.26D9
Genome	0	2606	chrA01.CD4T.C2.26E3
Genome	0	2582	chrA01.CD4T.C2.26E11
Genome	0	2600	chrA01.CD4T.C2.26E8
Genome	0	2603	chrA01.CD4T.C2.26A5
Genome	0	2591	chrA01.CD4T.C2.26D10
Genome	0	2585	chrA01.CD4T.C2.26G2
Genome	0	2585	chrA01.CD4T.C2.26G6
Genome	0	2591	chrA01.CD4T.C2.26B3
Genome	0	2606	chrA01.CD4T.C2.26B5
Genome	0	2615	chrA01.CD4T.C2.26D7
Genome	0	2606	chrA01.CD4T.C2.35E9
Genome	0	2606	chrA01.CD4T.C2.35F11
Genome	0	4684	chrA08MT929403.1
Genome	0	4684	chrA08MT929401.1
Genome	0	9783	chrA08MT929430.1
Genome	0	9783	chrA08MT929419.1
Genome	0	9787	chrA08MT929418.1
Genome	0	4684	chrA08MT929409.1
Genome	0	4685	chrA08MT929402.1
Genome	0	4686	chrA08MT929407.1
Genome	0	4591	chrA08MT929412.1
Genome	0	4686	chrA08MT929410.1
Genome	0	4688	chrA08MT929415.1
Genome	0	4686	chrA08MT929408.1
Genome	0	9746	chrA08MT929416.1
Genome	0	4686	chrA08MT929411.1
Genome	0	4686	chrA08MT929404.1
Genome	0	6921	chrA08MT929433.1
Genome	0	9693	chrA08MT929429.1
Genome	0	9783	chrA08MT929422.1
Genome	0	4684	chrA08MT929406.1
Genome	0	4685	chrA08MT929431.1
Genome	0	9774	chrA08MT929427.1
Genome	0	9777	chrA08MT929417.1
Genome	0	4685	chrA08MT929432.1
Genome	0	4685	chrA08MT929426.1
Genome	0	9783	chrA08MT929425.1
Genome	0	4684	chrA08MT929414.1
Genome	0	4694	chrA08MT929424.1
Genome	0	6996	chrA08MT929428.1
Genome	0	6989	chrA08MT929421.1
Genome	0	4669	chrA08MT929413.1
Genome	0	9768	chrA08MT929423.1
Genome	0	4670	chrA08MT929405.1
Genome	0	9241	chrA08MT929420.1
Genome	0	9260	chrA09_MT929435.1
Genome	0	4722	chrA09_MT929441.1
Genome	0	4721	chrA09_MT929437.1
Genome	0	4721	chrA09_MT929440.1
Genome	0	4704	chrA09_MT929438.1
Genome	0	4693	chrA09_MT929439.1
Genome	0	2618	chrA09_MH264313.1
Genome	0	2609	chrA09_MH264318.1
Genome	0	2591	chrA09_MH264312.1
Genome	0	2591	chrA09_MH264315.1
Genome	0	2591	chrA09_MH264316.1
Genome	0	2585	chrA09_MH264310.1
Genome	0	4610	chrBEAT2045_3prime
Genome	0	4492	chrBEAT2045_5prime
